{"resources":[{"description":"initial values for the parameters","name":"values","data":{"R0__sierra_leone":1.3152937933885247,"C__sierra_leone":107.7856143061238,"phi__sierra_leone":0.26327561746953532,"rho__sierra_leone":0.51665925675409918}},{"description":"covariance matrix","name":"covariance","data":{"R0__sierra_leone":{"R0__sierra_leone":0.0019826812193666824,"C__sierra_leone":-0.0074326260672028738,"phi__sierra_leone":-0.0009775894902013171,"rho__sierra_leone":-0.00038548400471180377},"C__sierra_leone":{"R0__sierra_leone":-0.0074326260672028738,"C__sierra_leone":0.17809406796144933,"phi__sierra_leone":-0.015667092596117895,"rho__sierra_leone":-0.14851208324807696},"phi__sierra_leone":{"R0__sierra_leone":-0.0009775894902013171,"C__sierra_leone":-0.015667092596117895,"phi__sierra_leone":0.22837398968267433,"rho__sierra_leone":0.0073072131755260771},"rho__sierra_leone":{"R0__sierra_leone":-0.00038548400471180377,"C__sierra_leone":-0.14851208324807696,"phi__sierra_leone":0.0073072131755260771,"rho__sierra_leone":0.18649957213319535}}},{"name":"summary","data":{"id":0,"log_ltp":-61.886053867964137,"AICc":127.77481494596725,"n_parameters":4,"AIC":122.06052923168154,"DIC":121.55779430910648,"log_likelihood":-57.030264615840771,"sum_squares":null,"n_data":12}}]}
